1972	./AGENTS.md
0	./MANIFEST.tsv
14829	./README_FOR_CODEX.md
630	./requirements_runtime.txt
1427610122	./sfm_system/定位/bundles/current_reloc_map_updated_v3.pt
1244	./sfm_system/定位/configs/localization_defaults.json
15968	./sfm_system/定位/deploy_code/sfm_glomap_deploy/autoflight.py
2498	./sfm_system/定位/deploy_code/sfm_glomap_deploy/map_intrinsics.json
13067	./sfm_system/定位/deploy_code/sfm_glomap_deploy/olympe_frame_source.py
39008	./sfm_system/定位/deploy_code/sfm_glomap_deploy/path_follow_flight.py
8224	./sfm_system/定位/deploy_code/sfm_glomap_deploy/plan_path.py
46094	./sfm_system/定位/deploy_code/sfm_glomap_deploy/production_xfeat_tracker.py
17552	./sfm_system/定位/deploy_code/sfm_glomap_deploy/real_path_follow_controller.py
9088	./sfm_system/定位/deploy_code/sfm_glomap_deploy/reloc_localizer_xfeat.py
6461	./sfm_system/定位/DEPLOY_TO_OTHER_PC.md
232	./sfm_system/定位/maps/base_glomap_fused_0/cameras.bin
161288	./sfm_system/定位/maps/base_glomap_fused_0/frames.bin
921895679	./sfm_system/定位/maps/base_glomap_fused_0/images.bin
61383126	./sfm_system/定位/maps/base_glomap_fused_0/points3D.bin
72	./sfm_system/定位/maps/base_glomap_fused_0/rigs.bin
7695105	./sfm_system/定位/maps/current_realrgb_v3.ply
1768	./sfm_system/定位/mission/authoring/blender_mcp_launch.py
2028	./sfm_system/定位/mission/authoring/blender_send.py
15507	./sfm_system/定位/mission/authoring/draw_path.py
14174	./sfm_system/定位/mission/authoring/draw_poles.py
14279	./sfm_system/定位/mission/authoring/draw_wires.py
9979	./sfm_system/定位/mission/authoring/edit_path_height.py
3428	./sfm_system/定位/mission/authoring/label_route_points.py
1770	./sfm_system/定位/mission/authoring/sync_path.py
3024	./sfm_system/定位/mission/authoring/sync_poles.py
1483	./sfm_system/定位/mission/configs/mission_defaults.json
15968	./sfm_system/定位/mission/flight_control/autoflight.py
13642	./sfm_system/定位/mission/flight_control/cruise_geofence.py
3430	./sfm_system/定位/mission/flight_control/height_profile.py
2796	./sfm_system/定位/mission/flight_control/load_path.py
13067	./sfm_system/定位/mission/flight_control/olympe_frame_source.py
39008	./sfm_system/定位/mission/flight_control/path_follow_flight.py
8224	./sfm_system/定位/mission/flight_control/plan_path.py
9469	./sfm_system/定位/mission/flight_control/pole_cruise.py
46094	./sfm_system/定位/mission/flight_control/production_xfeat_tracker.py
17552	./sfm_system/定位/mission/flight_control/real_path_follow_controller.py
2432	./sfm_system/定位/mission/flight_control/safe_volume.py
5781	./sfm_system/定位/mission/mission_pipeline.py
65954	./sfm_system/定位/mission/operator_interface/flight_operator_app.py
14144	./sfm_system/定位/mission/operator_interface/flight_operator_interface.html
5381	./sfm_system/定位/mission/operator_interface/live_localizer_worker.py
5920	./sfm_system/定位/mission/operator_interface/object_detector_worker.py
5429	./sfm_system/定位/mission/operator_interface/README.md
3871	./sfm_system/定位/mission/operator_interface/serve_flight_interface.py
1488	./sfm_system/定位/mission/outputs/current_safezone/flight_path.json
23135	./sfm_system/定位/mission/outputs/current_safezone/flight_path.ply
1766	./sfm_system/定位/mission/outputs/current_safezone/poles.json
2255	./sfm_system/定位/mission/outputs/current_safezone/poles.ply
338	./sfm_system/定位/mission/outputs/current_safezone/T_align.json
1944	./sfm_system/定位/mission/outputs/sphinx_smoke_20260702.md
7922	./sfm_system/定位/pipeline/localize_pipeline.py
19064	./sfm_system/定位/validation/benchmark_production_stream.py
8117	./sfm_system/定位/validation/eval_stream_core.py
319	./torch_hub_cache/amaralibey_bag-of-queries_main/environment.yaml
291	./torch_hub_cache/amaralibey_bag-of-queries_main/.gitignore
2738	./torch_hub_cache/amaralibey_bag-of-queries_main/hubconf.py
67023	./torch_hub_cache/amaralibey_bag-of-queries_main/image/README/1718314179670.png
100590	./torch_hub_cache/amaralibey_bag-of-queries_main/image/README/1718314572651.png
1069	./torch_hub_cache/amaralibey_bag-of-queries_main/LICENSE
1687981	./torch_hub_cache/amaralibey_bag-of-queries_main/notebooks/heatmaps_visualization.ipynb
37502	./torch_hub_cache/amaralibey_bag-of-queries_main/notebooks/paris_street.jpg
12058	./torch_hub_cache/amaralibey_bag-of-queries_main/README.md
1657	./torch_hub_cache/amaralibey_bag-of-queries_main/scripts/download_gsv_cities.sh
1884	./torch_hub_cache/amaralibey_bag-of-queries_main/scripts/download_msls_val.sh
1892	./torch_hub_cache/amaralibey_bag-of-queries_main/scripts/download_pitts30k_val.sh
4947	./torch_hub_cache/amaralibey_bag-of-queries_main/src/backbones.py
2690	./torch_hub_cache/amaralibey_bag-of-queries_main/src/boq.py
3489	./torch_hub_cache/amaralibey_bag-of-queries_main/src/dataloaders/datamodule.py
6938	./torch_hub_cache/amaralibey_bag-of-queries_main/src/dataloaders/gsv_cities.py
130	./torch_hub_cache/amaralibey_bag-of-queries_main/src/dataloaders/__init__.py
3933	./torch_hub_cache/amaralibey_bag-of-queries_main/src/dataloaders/mapillary_sls.py
3812	./torch_hub_cache/amaralibey_bag-of-queries_main/src/dataloaders/pittsburgh.py
0	./torch_hub_cache/amaralibey_bag-of-queries_main/src/__init__.py
6340	./torch_hub_cache/amaralibey_bag-of-queries_main/src/model.py
5318	./torch_hub_cache/amaralibey_bag-of-queries_main/src/utils.py
9011	./torch_hub_cache/amaralibey_bag-of-queries_main/train.py
102530333	./torch_hub_cache/checkpoints/resnet50-0676ba61.pth
95610672	./torch_hub_cache/checkpoints/resnet50_16384.pth
6247949	./torch_hub_cache/checkpoints/xfeat.pt
762	./torch_hub_cache/gmberton_MegaLoc_main/hubconf.py
1086	./torch_hub_cache/gmberton_MegaLoc_main/LICENSE
15258	./torch_hub_cache/gmberton_MegaLoc_main/megaloc_model.py
1883	./torch_hub_cache/gmberton_MegaLoc_main/README.md
71	./torch_hub_cache/trusted_list
4024939	./torch_hub_cache/verlab_accelerated_features_main/assets/megadepth_1500.json
1087969	./torch_hub_cache/verlab_accelerated_features_main/assets/ref.png
945836	./torch_hub_cache/verlab_accelerated_features_main/assets/tgt.png
2570349	./torch_hub_cache/verlab_accelerated_features_main/figs/sift.gif
153063	./torch_hub_cache/verlab_accelerated_features_main/figs/speed_accuracy.png
57220	./torch_hub_cache/verlab_accelerated_features_main/figs/timings.png
7613	./torch_hub_cache/verlab_accelerated_features_main/figs/ufmg.png
16232	./torch_hub_cache/verlab_accelerated_features_main/figs/verlab.png
190848	./torch_hub_cache/verlab_accelerated_features_main/figs/xfeat_arq.png
3203947	./torch_hub_cache/verlab_accelerated_features_main/figs/xfeat.gif
165459	./torch_hub_cache/verlab_accelerated_features_main/figs/xfeat_quali.jpg
3078	./torch_hub_cache/verlab_accelerated_features_main/.gitignore
100	./torch_hub_cache/verlab_accelerated_features_main/.gitmodules
520	./torch_hub_cache/verlab_accelerated_features_main/hubconf.py
11357	./torch_hub_cache/verlab_accelerated_features_main/LICENSE
1390	./torch_hub_cache/verlab_accelerated_features_main/minimal_example.py
12111	./torch_hub_cache/verlab_accelerated_features_main/modules/dataset/augmentation.py
4869	./torch_hub_cache/verlab_accelerated_features_main/modules/dataset/download.py
140	./torch_hub_cache/verlab_accelerated_features_main/modules/dataset/__init__.py
281	./torch_hub_cache/verlab_accelerated_features_main/modules/dataset/megadepth/__init__.py
8072	./torch_hub_cache/verlab_accelerated_features_main/modules/dataset/megadepth/megadepth.py
6625	./torch_hub_cache/verlab_accelerated_features_main/modules/dataset/megadepth/megadepth_warper.py
5006	./torch_hub_cache/verlab_accelerated_features_main/modules/dataset/megadepth/utils.py
139	./torch_hub_cache/verlab_accelerated_features_main/modules/eval/__init__.py
9098	./torch_hub_cache/verlab_accelerated_features_main/modules/eval/megadepth1500.py
17372	./torch_hub_cache/verlab_accelerated_features_main/modules/eval/scannet1500.py
140	./torch_hub_cache/verlab_accelerated_features_main/modules/__init__.py
1175	./torch_hub_cache/verlab_accelerated_features_main/modules/interpolator.py
2480	./torch_hub_cache/verlab_accelerated_features_main/modules/lighterglue.py
4542	./torch_hub_cache/verlab_accelerated_features_main/modules/model.py
139	./torch_hub_cache/verlab_accelerated_features_main/modules/training/__init__.py
7666	./torch_hub_cache/verlab_accelerated_features_main/modules/training/losses.py
14024	./torch_hub_cache/verlab_accelerated_features_main/modules/training/train.py
7732	./torch_hub_cache/verlab_accelerated_features_main/modules/training/utils.py
13472	./torch_hub_cache/verlab_accelerated_features_main/modules/xfeat.py
6909	./torch_hub_cache/verlab_accelerated_features_main/notebooks/minimal_example.ipynb
931399	./torch_hub_cache/verlab_accelerated_features_main/notebooks/xfeat+lg_torch_hub.ipynb
1864740	./torch_hub_cache/verlab_accelerated_features_main/notebooks/xfeat_matching.ipynb
1864631	./torch_hub_cache/verlab_accelerated_features_main/notebooks/xfeat_torch_hub.ipynb
3696	./torch_hub_cache/verlab_accelerated_features_main/notebooks/XFeat_training_example.ipynb
16588	./torch_hub_cache/verlab_accelerated_features_main/README.md
12133	./torch_hub_cache/verlab_accelerated_features_main/realtime_demo.py
75	./torch_hub_cache/verlab_accelerated_features_main/requirements.txt
3667	./torch_hub_cache/verlab_accelerated_features_main/third_party/alike_wrapper.py
140	./torch_hub_cache/verlab_accelerated_features_main/third_party/__init__.py
10820795	./torch_hub_cache/verlab_accelerated_features_main/weights/xfeat-lighterglue.pt
6247949	./torch_hub_cache/verlab_accelerated_features_main/weights/xfeat.pt
